name,url
Air Force,https://apps.washingtonpost.com/sports/apps/live-updating-mens-ncaa-basketball-bracket/schools/air-force/
Akron,https://apps.washingtonpost.com/sports/apps/live-updating-mens-ncaa-basketball-bracket/schools/akron/
Alabama,https://apps.washingtonpost.com/sports/apps/live-updating-mens-ncaa-basketball-bracket/schools/alabama/
Alabama A&M,https://apps.washingtonpost.com/sports/apps/live-updating-mens-ncaa-basketball-bracket/schools/alabama-am/
Alabama State,https://apps.washingtonpost.com/sports/apps/live-updating-mens-ncaa-basketball-bracket/schools/alabama-state/
Alabama-Birmingham,https://apps.washingtonpost.com/sports/apps/live-updating-mens-ncaa-basketball-bracket/schools/alabama-birmingham/
Albany (N.Y.),https://apps.washingtonpost.com/sports/apps/live-updating-mens-ncaa-basketball-bracket/schools/albany-ny/
Alcorn State,https://apps.washingtonpost.com/sports/apps/live-updating-mens-ncaa-basketball-bracket/schools/alcorn-state/
American,https://apps.washingtonpost.com/sports/apps/live-updating-mens-ncaa-basketball-bracket/schools/american/
Appalachian State,https://apps.washingtonpost.com/sports/apps/live-updating-mens-ncaa-basketball-bracket/schools/appalachian-state/
Arizona,https://apps.washingtonpost.com/sports/apps/live-updating-mens-ncaa-basketball-bracket/schools/arizona/
Arizona State,https://apps.washingtonpost.com/sports/apps/live-updating-mens-ncaa-basketball-bracket/schools/arizona-state/
Arkansas,https://apps.washingtonpost.com/sports/apps/live-updating-mens-ncaa-basketball-bracket/schools/arkansas/
Arkansas State,https://apps.washingtonpost.com/sports/apps/live-updating-mens-ncaa-basketball-bracket/schools/arkansas-state/
Arkansas-Little Rock,https://apps.washingtonpost.com/sports/apps/live-updating-mens-ncaa-basketball-bracket/schools/arkansas-little-rock/
Arkansas-Pine Bluff,https://apps.washingtonpost.com/sports/apps/live-updating-mens-ncaa-basketball-bracket/schools/arkansas-pine-bluff/
Auburn,https://apps.washingtonpost.com/sports/apps/live-updating-mens-ncaa-basketball-bracket/schools/auburn/
Austin Peay,https://apps.washingtonpost.com/sports/apps/live-updating-mens-ncaa-basketball-bracket/schools/austin-peay/
Ball State,https://apps.washingtonpost.com/sports/apps/live-updating-mens-ncaa-basketball-bracket/schools/ball-state/
Baylor,https://apps.washingtonpost.com/sports/apps/live-updating-mens-ncaa-basketball-bracket/schools/baylor/
Belmont,https://apps.washingtonpost.com/sports/apps/live-updating-mens-ncaa-basketball-bracket/schools/belmont/
Binghamton,https://apps.washingtonpost.com/sports/apps/live-updating-mens-ncaa-basketball-bracket/schools/binghamton/
Boise State,https://apps.washingtonpost.com/sports/apps/live-updating-mens-ncaa-basketball-bracket/schools/boise-state/
Boston College,https://apps.washingtonpost.com/sports/apps/live-updating-mens-ncaa-basketball-bracket/schools/boston-college/
Boston University,https://apps.washingtonpost.com/sports/apps/live-updating-mens-ncaa-basketball-bracket/schools/boston-university/
Bradley,https://apps.washingtonpost.com/sports/apps/live-updating-mens-ncaa-basketball-bracket/schools/bradley/
Brigham Young,https://apps.washingtonpost.com/sports/apps/live-updating-mens-ncaa-basketball-bracket/schools/brigham-young/
Brown,https://apps.washingtonpost.com/sports/apps/live-updating-mens-ncaa-basketball-bracket/schools/brown/
Bucknell,https://apps.washingtonpost.com/sports/apps/live-updating-mens-ncaa-basketball-bracket/schools/bucknell/
Buffalo,https://apps.washingtonpost.com/sports/apps/live-updating-mens-ncaa-basketball-bracket/schools/buffalo/
Butler,https://apps.washingtonpost.com/sports/apps/live-updating-mens-ncaa-basketball-bracket/schools/butler/
Cal State Bakersfied,https://apps.washingtonpost.com/sports/apps/live-updating-mens-ncaa-basketball-bracket/schools/cal-state-bakersfied/
Cal State Fullerton,https://apps.washingtonpost.com/sports/apps/live-updating-mens-ncaa-basketball-bracket/schools/cal-state-fullerton/
Cal State Northridge,https://apps.washingtonpost.com/sports/apps/live-updating-mens-ncaa-basketball-bracket/schools/cal-state-northridge/
Cal-Poly,https://apps.washingtonpost.com/sports/apps/live-updating-mens-ncaa-basketball-bracket/schools/cal-poly/
California,https://apps.washingtonpost.com/sports/apps/live-updating-mens-ncaa-basketball-bracket/schools/california/
Campbell,https://apps.washingtonpost.com/sports/apps/live-updating-mens-ncaa-basketball-bracket/schools/campbell/
Canisius,https://apps.washingtonpost.com/sports/apps/live-updating-mens-ncaa-basketball-bracket/schools/canisius/
Central Connecticut State,https://apps.washingtonpost.com/sports/apps/live-updating-mens-ncaa-basketball-bracket/schools/central-connecticut-state/
Central Florida,https://apps.washingtonpost.com/sports/apps/live-updating-mens-ncaa-basketball-bracket/schools/central-florida/
Central Michigan,https://apps.washingtonpost.com/sports/apps/live-updating-mens-ncaa-basketball-bracket/schools/central-michigan/
Charleston Southern,https://apps.washingtonpost.com/sports/apps/live-updating-mens-ncaa-basketball-bracket/schools/charleston-southern/
Charlotte,https://apps.washingtonpost.com/sports/apps/live-updating-mens-ncaa-basketball-bracket/schools/charlotte/
Chattanooga,https://apps.washingtonpost.com/sports/apps/live-updating-mens-ncaa-basketball-bracket/schools/chattanooga/
Cincinnati,https://apps.washingtonpost.com/sports/apps/live-updating-mens-ncaa-basketball-bracket/schools/cincinnati/
Clemson,https://apps.washingtonpost.com/sports/apps/live-updating-mens-ncaa-basketball-bracket/schools/clemson/
Cleveland State,https://apps.washingtonpost.com/sports/apps/live-updating-mens-ncaa-basketball-bracket/schools/cleveland-state/
Coastal Carolina,https://apps.washingtonpost.com/sports/apps/live-updating-mens-ncaa-basketball-bracket/schools/coastal-carolina/
Colgate,https://apps.washingtonpost.com/sports/apps/live-updating-mens-ncaa-basketball-bracket/schools/colgate/
College of Charleston,https://apps.washingtonpost.com/sports/apps/live-updating-mens-ncaa-basketball-bracket/schools/college-of-charleston/
Colorado,https://apps.washingtonpost.com/sports/apps/live-updating-mens-ncaa-basketball-bracket/schools/colorado/
Colorado State,https://apps.washingtonpost.com/sports/apps/live-updating-mens-ncaa-basketball-bracket/schools/colorado-state/
Connecticut,https://apps.washingtonpost.com/sports/apps/live-updating-mens-ncaa-basketball-bracket/schools/connecticut/
Coppin State,https://apps.washingtonpost.com/sports/apps/live-updating-mens-ncaa-basketball-bracket/schools/coppin-state/
Cornell,https://apps.washingtonpost.com/sports/apps/live-updating-mens-ncaa-basketball-bracket/schools/cornell/
Creighton,https://apps.washingtonpost.com/sports/apps/live-updating-mens-ncaa-basketball-bracket/schools/creighton/
Davidson,https://apps.washingtonpost.com/sports/apps/live-updating-mens-ncaa-basketball-bracket/schools/davidson/
Dayton,https://apps.washingtonpost.com/sports/apps/live-updating-mens-ncaa-basketball-bracket/schools/dayton/
Delaware,https://apps.washingtonpost.com/sports/apps/live-updating-mens-ncaa-basketball-bracket/schools/delaware/
Delaware State,https://apps.washingtonpost.com/sports/apps/live-updating-mens-ncaa-basketball-bracket/schools/delaware-state/
DePaul,https://apps.washingtonpost.com/sports/apps/live-updating-mens-ncaa-basketball-bracket/schools/depaul/
Detroit,https://apps.washingtonpost.com/sports/apps/live-updating-mens-ncaa-basketball-bracket/schools/detroit/
Drake,https://apps.washingtonpost.com/sports/apps/live-updating-mens-ncaa-basketball-bracket/schools/drake/
Drexel,https://apps.washingtonpost.com/sports/apps/live-updating-mens-ncaa-basketball-bracket/schools/drexel/
Duke,https://apps.washingtonpost.com/sports/apps/live-updating-mens-ncaa-basketball-bracket/schools/duke/
East Carolina,https://apps.washingtonpost.com/sports/apps/live-updating-mens-ncaa-basketball-bracket/schools/east-carolina/
East Tennessee State,https://apps.washingtonpost.com/sports/apps/live-updating-mens-ncaa-basketball-bracket/schools/east-tennessee-state/
Eastern Illinois,https://apps.washingtonpost.com/sports/apps/live-updating-mens-ncaa-basketball-bracket/schools/eastern-illinois/
Eastern Kentucky,https://apps.washingtonpost.com/sports/apps/live-updating-mens-ncaa-basketball-bracket/schools/eastern-kentucky/
Eastern Michigan,https://apps.washingtonpost.com/sports/apps/live-updating-mens-ncaa-basketball-bracket/schools/eastern-michigan/
Eastern Washington,https://apps.washingtonpost.com/sports/apps/live-updating-mens-ncaa-basketball-bracket/schools/eastern-washington/
Evansville,https://apps.washingtonpost.com/sports/apps/live-updating-mens-ncaa-basketball-bracket/schools/evansville/
Fairfield,https://apps.washingtonpost.com/sports/apps/live-updating-mens-ncaa-basketball-bracket/schools/fairfield/
Fairleigh Dickinson,https://apps.washingtonpost.com/sports/apps/live-updating-mens-ncaa-basketball-bracket/schools/fairleigh-dickinson/
Florida,https://apps.washingtonpost.com/sports/apps/live-updating-mens-ncaa-basketball-bracket/schools/florida/
Florida A&M,https://apps.washingtonpost.com/sports/apps/live-updating-mens-ncaa-basketball-bracket/schools/florida-am/
Florida Atlantic,https://apps.washingtonpost.com/sports/apps/live-updating-mens-ncaa-basketball-bracket/schools/florida-atlantic/
Florida Gulf Coast,https://apps.washingtonpost.com/sports/apps/live-updating-mens-ncaa-basketball-bracket/schools/florida-gulf-coast/
Florida International,https://apps.washingtonpost.com/sports/apps/live-updating-mens-ncaa-basketball-bracket/schools/florida-international/
Florida State,https://apps.washingtonpost.com/sports/apps/live-updating-mens-ncaa-basketball-bracket/schools/florida-state/
Fordham,https://apps.washingtonpost.com/sports/apps/live-updating-mens-ncaa-basketball-bracket/schools/fordham/
Fresno State,https://apps.washingtonpost.com/sports/apps/live-updating-mens-ncaa-basketball-bracket/schools/fresno-state/
George Mason,https://apps.washingtonpost.com/sports/apps/live-updating-mens-ncaa-basketball-bracket/schools/george-mason/
George Washington,https://apps.washingtonpost.com/sports/apps/live-updating-mens-ncaa-basketball-bracket/schools/george-washington/
Georgetown,https://apps.washingtonpost.com/sports/apps/live-updating-mens-ncaa-basketball-bracket/schools/georgetown/
Georgia,https://apps.washingtonpost.com/sports/apps/live-updating-mens-ncaa-basketball-bracket/schools/georgia/
Georgia Southern,https://apps.washingtonpost.com/sports/apps/live-updating-mens-ncaa-basketball-bracket/schools/georgia-southern/
Georgia State,https://apps.washingtonpost.com/sports/apps/live-updating-mens-ncaa-basketball-bracket/schools/georgia-state/
Georgia Tech,https://apps.washingtonpost.com/sports/apps/live-updating-mens-ncaa-basketball-bracket/schools/georgia-tech/
Gonzaga,https://apps.washingtonpost.com/sports/apps/live-updating-mens-ncaa-basketball-bracket/schools/gonzaga/
Green Bay,https://apps.washingtonpost.com/sports/apps/live-updating-mens-ncaa-basketball-bracket/schools/wisconsin-green-bay/
Hampton,https://apps.washingtonpost.com/sports/apps/live-updating-mens-ncaa-basketball-bracket/schools/hampton/
Harvard,https://apps.washingtonpost.com/sports/apps/live-updating-mens-ncaa-basketball-bracket/schools/harvard/
Hawaii,https://apps.washingtonpost.com/sports/apps/live-updating-mens-ncaa-basketball-bracket/schools/hawaii/
Hofstra,https://apps.washingtonpost.com/sports/apps/live-updating-mens-ncaa-basketball-bracket/schools/hofstra/
Holy Cross,https://apps.washingtonpost.com/sports/apps/live-updating-mens-ncaa-basketball-bracket/schools/holy-cross/
Houston,https://apps.washingtonpost.com/sports/apps/live-updating-mens-ncaa-basketball-bracket/schools/houston/
Howard,https://apps.washingtonpost.com/sports/apps/live-updating-mens-ncaa-basketball-bracket/schools/howard/
Idaho,https://apps.washingtonpost.com/sports/apps/live-updating-mens-ncaa-basketball-bracket/schools/idaho/
Idaho State,https://apps.washingtonpost.com/sports/apps/live-updating-mens-ncaa-basketball-bracket/schools/idaho-state/
Illinois,https://apps.washingtonpost.com/sports/apps/live-updating-mens-ncaa-basketball-bracket/schools/illinois/
Illinois State,https://apps.washingtonpost.com/sports/apps/live-updating-mens-ncaa-basketball-bracket/schools/illinois-state/
Illinois-Chicago,https://apps.washingtonpost.com/sports/apps/live-updating-mens-ncaa-basketball-bracket/schools/illinois-chicago/
Indiana,https://apps.washingtonpost.com/sports/apps/live-updating-mens-ncaa-basketball-bracket/schools/indiana/
Indiana State,https://apps.washingtonpost.com/sports/apps/live-updating-mens-ncaa-basketball-bracket/schools/indiana-state/
Iona,https://apps.washingtonpost.com/sports/apps/live-updating-mens-ncaa-basketball-bracket/schools/iona/
Iowa,https://apps.washingtonpost.com/sports/apps/live-updating-mens-ncaa-basketball-bracket/schools/iowa/
Iowa State,https://apps.washingtonpost.com/sports/apps/live-updating-mens-ncaa-basketball-bracket/schools/iowa-state/
IUPUI,https://apps.washingtonpost.com/sports/apps/live-updating-mens-ncaa-basketball-bracket/schools/iupui/
Jackson State,https://apps.washingtonpost.com/sports/apps/live-updating-mens-ncaa-basketball-bracket/schools/jackson-state/
Jacksonville,https://apps.washingtonpost.com/sports/apps/live-updating-mens-ncaa-basketball-bracket/schools/jacksonville/
Jacksonville State,https://apps.washingtonpost.com/sports/apps/live-updating-mens-ncaa-basketball-bracket/schools/jacksonville-state/
James Madison,https://apps.washingtonpost.com/sports/apps/live-updating-mens-ncaa-basketball-bracket/schools/james-madison/
Kansas,https://apps.washingtonpost.com/sports/apps/live-updating-mens-ncaa-basketball-bracket/schools/kansas/
Kansas State,https://apps.washingtonpost.com/sports/apps/live-updating-mens-ncaa-basketball-bracket/schools/kansas-state/
Kent State,https://apps.washingtonpost.com/sports/apps/live-updating-mens-ncaa-basketball-bracket/schools/kent-state/
Kentucky,https://apps.washingtonpost.com/sports/apps/live-updating-mens-ncaa-basketball-bracket/schools/kentucky/
La Salle,https://apps.washingtonpost.com/sports/apps/live-updating-mens-ncaa-basketball-bracket/schools/la-salle/
Lafayette,https://apps.washingtonpost.com/sports/apps/live-updating-mens-ncaa-basketball-bracket/schools/lafayette/
Lamar,https://apps.washingtonpost.com/sports/apps/live-updating-mens-ncaa-basketball-bracket/schools/lamar/
Lehigh,https://apps.washingtonpost.com/sports/apps/live-updating-mens-ncaa-basketball-bracket/schools/lehigh/
Liberty,https://apps.washingtonpost.com/sports/apps/live-updating-mens-ncaa-basketball-bracket/schools/liberty/
Long Beach State,https://apps.washingtonpost.com/sports/apps/live-updating-mens-ncaa-basketball-bracket/schools/long-beach-state/
Long Island,https://apps.washingtonpost.com/sports/apps/live-updating-mens-ncaa-basketball-bracket/schools/long-island/
Louisiana Tech,https://apps.washingtonpost.com/sports/apps/live-updating-mens-ncaa-basketball-bracket/schools/louisiana-tech/
Louisiana-Lafayette,https://apps.washingtonpost.com/sports/apps/live-updating-mens-ncaa-basketball-bracket/schools/louisiana-lafayette/
Louisiana-Monroe,https://apps.washingtonpost.com/sports/apps/live-updating-mens-ncaa-basketball-bracket/schools/louisiana-monroe/
Louisville,https://apps.washingtonpost.com/sports/apps/live-updating-mens-ncaa-basketball-bracket/schools/louisville/
Loyola (Ill.),https://apps.washingtonpost.com/sports/apps/live-updating-mens-ncaa-basketball-bracket/schools/loyola-ill/
Loyola (Md.),https://apps.washingtonpost.com/sports/apps/live-updating-mens-ncaa-basketball-bracket/schools/loyola-md/
Loyola Marymount,https://apps.washingtonpost.com/sports/apps/live-updating-mens-ncaa-basketball-bracket/schools/loyola-marymount/
LSU,https://apps.washingtonpost.com/sports/apps/live-updating-mens-ncaa-basketball-bracket/schools/lsu/
Manhattan,https://apps.washingtonpost.com/sports/apps/live-updating-mens-ncaa-basketball-bracket/schools/manhattan/
Marist,https://apps.washingtonpost.com/sports/apps/live-updating-mens-ncaa-basketball-bracket/schools/marist/
Marquette,https://apps.washingtonpost.com/sports/apps/live-updating-mens-ncaa-basketball-bracket/schools/marquette/
Marshall,https://apps.washingtonpost.com/sports/apps/live-updating-mens-ncaa-basketball-bracket/schools/marshall/
Maryland,https://apps.washingtonpost.com/sports/apps/live-updating-mens-ncaa-basketball-bracket/schools/maryland/
Maryland-Baltimore County,https://apps.washingtonpost.com/sports/apps/live-updating-mens-ncaa-basketball-bracket/schools/maryland-baltimore-county/
Massachusetts,https://apps.washingtonpost.com/sports/apps/live-updating-mens-ncaa-basketball-bracket/schools/massachusetts/
McNeese State,https://apps.washingtonpost.com/sports/apps/live-updating-mens-ncaa-basketball-bracket/schools/mcneese-state/
Memphis,https://apps.washingtonpost.com/sports/apps/live-updating-mens-ncaa-basketball-bracket/schools/memphis/
Mercer,https://apps.washingtonpost.com/sports/apps/live-updating-mens-ncaa-basketball-bracket/schools/mercer/
Miami (Fla.),https://apps.washingtonpost.com/sports/apps/live-updating-mens-ncaa-basketball-bracket/schools/miami-fla/
Miami (Ohio),https://apps.washingtonpost.com/sports/apps/live-updating-mens-ncaa-basketball-bracket/schools/miami-ohio/
Michigan,https://apps.washingtonpost.com/sports/apps/live-updating-mens-ncaa-basketball-bracket/schools/michigan/
Michigan State,https://apps.washingtonpost.com/sports/apps/live-updating-mens-ncaa-basketball-bracket/schools/michigan-state/
Middle Tennessee State,https://apps.washingtonpost.com/sports/apps/live-updating-mens-ncaa-basketball-bracket/schools/middle-tennessee-state/
Milwaukee,https://apps.washingtonpost.com/sports/apps/live-updating-mens-ncaa-basketball-bracket/schools/wisconsin-milwaukee/
Minnesota,https://apps.washingtonpost.com/sports/apps/live-updating-mens-ncaa-basketball-bracket/schools/minnesota/
Mississippi,https://apps.washingtonpost.com/sports/apps/live-updating-mens-ncaa-basketball-bracket/schools/mississippi/
Mississippi State,https://apps.washingtonpost.com/sports/apps/live-updating-mens-ncaa-basketball-bracket/schools/mississippi-state/
Mississippi Valley State,https://apps.washingtonpost.com/sports/apps/live-updating-mens-ncaa-basketball-bracket/schools/mississippi-valley-state/
Missouri,https://apps.washingtonpost.com/sports/apps/live-updating-mens-ncaa-basketball-bracket/schools/missouri/
Missouri State,https://apps.washingtonpost.com/sports/apps/live-updating-mens-ncaa-basketball-bracket/schools/missouri-state/
Monmouth,https://apps.washingtonpost.com/sports/apps/live-updating-mens-ncaa-basketball-bracket/schools/monmouth/
Montana,https://apps.washingtonpost.com/sports/apps/live-updating-mens-ncaa-basketball-bracket/schools/montana/
Montana State,https://apps.washingtonpost.com/sports/apps/live-updating-mens-ncaa-basketball-bracket/schools/montana-state/
Morehead State,https://apps.washingtonpost.com/sports/apps/live-updating-mens-ncaa-basketball-bracket/schools/morehead-state/
Morgan State,https://apps.washingtonpost.com/sports/apps/live-updating-mens-ncaa-basketball-bracket/schools/morgan-state/
Mount St. Mary's,https://apps.washingtonpost.com/sports/apps/live-updating-mens-ncaa-basketball-bracket/schools/mount-st-marys/
Murray St.,https://apps.washingtonpost.com/sports/apps/live-updating-mens-ncaa-basketball-bracket/schools/murray-state/
Navy,https://apps.washingtonpost.com/sports/apps/live-updating-mens-ncaa-basketball-bracket/schools/navy/
Nebraska,https://apps.washingtonpost.com/sports/apps/live-updating-mens-ncaa-basketball-bracket/schools/nebraska/
Nevada,https://apps.washingtonpost.com/sports/apps/live-updating-mens-ncaa-basketball-bracket/schools/nevada/
New Mexico,https://apps.washingtonpost.com/sports/apps/live-updating-mens-ncaa-basketball-bracket/schools/new-mexico/
New Mexico State,https://apps.washingtonpost.com/sports/apps/live-updating-mens-ncaa-basketball-bracket/schools/new-mexico-state/
New Orleans,https://apps.washingtonpost.com/sports/apps/live-updating-mens-ncaa-basketball-bracket/schools/new-orleans/
Niagara,https://apps.washingtonpost.com/sports/apps/live-updating-mens-ncaa-basketball-bracket/schools/niagara/
Nicholls State,https://apps.washingtonpost.com/sports/apps/live-updating-mens-ncaa-basketball-bracket/schools/nicholls-state/
Norfolk State,https://apps.washingtonpost.com/sports/apps/live-updating-mens-ncaa-basketball-bracket/schools/norfolk-state/
North Carolina,https://apps.washingtonpost.com/sports/apps/live-updating-mens-ncaa-basketball-bracket/schools/north-carolina/
North Carolina A&T,https://apps.washingtonpost.com/sports/apps/live-updating-mens-ncaa-basketball-bracket/schools/north-carolina-at/
North Carolina Central,https://apps.washingtonpost.com/sports/apps/live-updating-mens-ncaa-basketball-bracket/schools/north-carolina-central/
North Carolina State,https://apps.washingtonpost.com/sports/apps/live-updating-mens-ncaa-basketball-bracket/schools/north-carolina-state/
North Dakota,https://apps.washingtonpost.com/sports/apps/live-updating-mens-ncaa-basketball-bracket/schools/north-dakota/
North Dakota State,https://apps.washingtonpost.com/sports/apps/live-updating-mens-ncaa-basketball-bracket/schools/north-dakota-state/
North Florida,https://apps.washingtonpost.com/sports/apps/live-updating-mens-ncaa-basketball-bracket/schools/north-florida/
North Texas,https://apps.washingtonpost.com/sports/apps/live-updating-mens-ncaa-basketball-bracket/schools/north-texas/
Northeastern,https://apps.washingtonpost.com/sports/apps/live-updating-mens-ncaa-basketball-bracket/schools/northeastern/
Northern Arizona,https://apps.washingtonpost.com/sports/apps/live-updating-mens-ncaa-basketball-bracket/schools/northern-arizona/
Northern Colorado,https://apps.washingtonpost.com/sports/apps/live-updating-mens-ncaa-basketball-bracket/schools/northern-colorado/
Northern Illinois,https://apps.washingtonpost.com/sports/apps/live-updating-mens-ncaa-basketball-bracket/schools/northern-illinois/
Northern Iowa,https://apps.washingtonpost.com/sports/apps/live-updating-mens-ncaa-basketball-bracket/schools/northern-iowa/
Northern Kentucky,https://apps.washingtonpost.com/sports/apps/live-updating-mens-ncaa-basketball-bracket/schools/northern-kentucky/
Northwestern,https://apps.washingtonpost.com/sports/apps/live-updating-mens-ncaa-basketball-bracket/schools/northwestern/
Northwestern State,https://apps.washingtonpost.com/sports/apps/live-updating-mens-ncaa-basketball-bracket/schools/northwestern-state/
Notre Dame,https://apps.washingtonpost.com/sports/apps/live-updating-mens-ncaa-basketball-bracket/schools/notre-dame/
Oakland,https://apps.washingtonpost.com/sports/apps/live-updating-mens-ncaa-basketball-bracket/schools/oakland/
Ohio,https://apps.washingtonpost.com/sports/apps/live-updating-mens-ncaa-basketball-bracket/schools/ohio/
Ohio State,https://apps.washingtonpost.com/sports/apps/live-updating-mens-ncaa-basketball-bracket/schools/ohio-state/
Oklahoma,https://apps.washingtonpost.com/sports/apps/live-updating-mens-ncaa-basketball-bracket/schools/oklahoma/
Oklahoma State,https://apps.washingtonpost.com/sports/apps/live-updating-mens-ncaa-basketball-bracket/schools/oklahoma-state/
Old Dominion,https://apps.washingtonpost.com/sports/apps/live-updating-mens-ncaa-basketball-bracket/schools/old-dominion/
Oral Roberts,https://apps.washingtonpost.com/sports/apps/live-updating-mens-ncaa-basketball-bracket/schools/oral-roberts/
Oregon,https://apps.washingtonpost.com/sports/apps/live-updating-mens-ncaa-basketball-bracket/schools/oregon/
Oregon State,https://apps.washingtonpost.com/sports/apps/live-updating-mens-ncaa-basketball-bracket/schools/oregon-state/
Pacific,https://apps.washingtonpost.com/sports/apps/live-updating-mens-ncaa-basketball-bracket/schools/pacific/
Penn,https://apps.washingtonpost.com/sports/apps/live-updating-mens-ncaa-basketball-bracket/schools/penn/
Penn State,https://apps.washingtonpost.com/sports/apps/live-updating-mens-ncaa-basketball-bracket/schools/penn-state/
Pepperdine,https://apps.washingtonpost.com/sports/apps/live-updating-mens-ncaa-basketball-bracket/schools/pepperdine/
Pittsburgh,https://apps.washingtonpost.com/sports/apps/live-updating-mens-ncaa-basketball-bracket/schools/pittsburgh/
Portland,https://apps.washingtonpost.com/sports/apps/live-updating-mens-ncaa-basketball-bracket/schools/portland/
Portland State,https://apps.washingtonpost.com/sports/apps/live-updating-mens-ncaa-basketball-bracket/schools/portland-state/
Prairie View,https://apps.washingtonpost.com/sports/apps/live-updating-mens-ncaa-basketball-bracket/schools/prairie-view/
Princeton,https://apps.washingtonpost.com/sports/apps/live-updating-mens-ncaa-basketball-bracket/schools/princeton/
Providence,https://apps.washingtonpost.com/sports/apps/live-updating-mens-ncaa-basketball-bracket/schools/providence/
Purdue,https://apps.washingtonpost.com/sports/apps/live-updating-mens-ncaa-basketball-bracket/schools/purdue/
Radford,https://apps.washingtonpost.com/sports/apps/live-updating-mens-ncaa-basketball-bracket/schools/radford/
Rhode Island,https://apps.washingtonpost.com/sports/apps/live-updating-mens-ncaa-basketball-bracket/schools/rhode-island/
Richmond,https://apps.washingtonpost.com/sports/apps/live-updating-mens-ncaa-basketball-bracket/schools/richmond/
Rider,https://apps.washingtonpost.com/sports/apps/live-updating-mens-ncaa-basketball-bracket/schools/rider/
Robert Morris,https://apps.washingtonpost.com/sports/apps/live-updating-mens-ncaa-basketball-bracket/schools/robert-morris/
Rutgers,https://apps.washingtonpost.com/sports/apps/live-updating-mens-ncaa-basketball-bracket/schools/rutgers/
Sam Houston State,https://apps.washingtonpost.com/sports/apps/live-updating-mens-ncaa-basketball-bracket/schools/sam-houston-state/
Samford,https://apps.washingtonpost.com/sports/apps/live-updating-mens-ncaa-basketball-bracket/schools/samford/
San Diego,https://apps.washingtonpost.com/sports/apps/live-updating-mens-ncaa-basketball-bracket/schools/san-diego/
San Diego State,https://apps.washingtonpost.com/sports/apps/live-updating-mens-ncaa-basketball-bracket/schools/san-diego-state/
San Francisco,https://apps.washingtonpost.com/sports/apps/live-updating-mens-ncaa-basketball-bracket/schools/san-francisco/
San Jose State,https://apps.washingtonpost.com/sports/apps/live-updating-mens-ncaa-basketball-bracket/schools/san-jose-state/
Santa Clara,https://apps.washingtonpost.com/sports/apps/live-updating-mens-ncaa-basketball-bracket/schools/santa-clara/
Seton Hall,https://apps.washingtonpost.com/sports/apps/live-updating-mens-ncaa-basketball-bracket/schools/seton-hall/
Siena,https://apps.washingtonpost.com/sports/apps/live-updating-mens-ncaa-basketball-bracket/schools/siena/
South Alabama,https://apps.washingtonpost.com/sports/apps/live-updating-mens-ncaa-basketball-bracket/schools/south-alabama/
South Carolina,https://apps.washingtonpost.com/sports/apps/live-updating-mens-ncaa-basketball-bracket/schools/south-carolina/
South Carolina State,https://apps.washingtonpost.com/sports/apps/live-updating-mens-ncaa-basketball-bracket/schools/south-carolina-state/
South Dakota State,https://apps.washingtonpost.com/sports/apps/live-updating-mens-ncaa-basketball-bracket/schools/south-dakota-state/
South Florida,https://apps.washingtonpost.com/sports/apps/live-updating-mens-ncaa-basketball-bracket/schools/south-florida/
Southeast Missouri State,https://apps.washingtonpost.com/sports/apps/live-updating-mens-ncaa-basketball-bracket/schools/southeast-missouri-state/
Southeastern Louisiana,https://apps.washingtonpost.com/sports/apps/live-updating-mens-ncaa-basketball-bracket/schools/southeastern-louisiana/
Southern,https://apps.washingtonpost.com/sports/apps/live-updating-mens-ncaa-basketball-bracket/schools/southern/
Southern California,https://apps.washingtonpost.com/sports/apps/live-updating-mens-ncaa-basketball-bracket/schools/southern-california/
Southern Illinois,https://apps.washingtonpost.com/sports/apps/live-updating-mens-ncaa-basketball-bracket/schools/southern-illinois/
Southern Methodist,https://apps.washingtonpost.com/sports/apps/live-updating-mens-ncaa-basketball-bracket/schools/southern-methodist/
Southern Mississippi,https://apps.washingtonpost.com/sports/apps/live-updating-mens-ncaa-basketball-bracket/schools/southern-miss/
Southern Utah,https://apps.washingtonpost.com/sports/apps/live-updating-mens-ncaa-basketball-bracket/schools/southern-utah/
St. Bonaventure,https://apps.washingtonpost.com/sports/apps/live-updating-mens-ncaa-basketball-bracket/schools/st-bonaventure/
St. Francis (Pa.),https://apps.washingtonpost.com/sports/apps/live-updating-mens-ncaa-basketball-bracket/schools/st-francis-pa/
St. John's,https://apps.washingtonpost.com/sports/apps/live-updating-mens-ncaa-basketball-bracket/schools/st-johns/
St. Joseph's,https://apps.washingtonpost.com/sports/apps/live-updating-mens-ncaa-basketball-bracket/schools/st-josephs/
St. Louis,https://apps.washingtonpost.com/sports/apps/live-updating-mens-ncaa-basketball-bracket/schools/saint-louis/
St. Mary's (Cal.),https://apps.washingtonpost.com/sports/apps/live-updating-mens-ncaa-basketball-bracket/schools/saint-marys/
St. Peter's,https://apps.washingtonpost.com/sports/apps/live-updating-mens-ncaa-basketball-bracket/schools/st-peters/
Stanford,https://apps.washingtonpost.com/sports/apps/live-updating-mens-ncaa-basketball-bracket/schools/stanford/
Stephen F. Austin,https://apps.washingtonpost.com/sports/apps/live-updating-mens-ncaa-basketball-bracket/schools/stephen-f-austin/
Stony Brook,https://apps.washingtonpost.com/sports/apps/live-updating-mens-ncaa-basketball-bracket/schools/stony-brook/
Syracuse,https://apps.washingtonpost.com/sports/apps/live-updating-mens-ncaa-basketball-bracket/schools/syracuse/
TCU,https://apps.washingtonpost.com/sports/apps/live-updating-mens-ncaa-basketball-bracket/schools/tcu/
Temple,https://apps.washingtonpost.com/sports/apps/live-updating-mens-ncaa-basketball-bracket/schools/temple/
Tennessee,https://apps.washingtonpost.com/sports/apps/live-updating-mens-ncaa-basketball-bracket/schools/tennessee/
Tennessee State,https://apps.washingtonpost.com/sports/apps/live-updating-mens-ncaa-basketball-bracket/schools/tennessee-state/
Texas,https://apps.washingtonpost.com/sports/apps/live-updating-mens-ncaa-basketball-bracket/schools/texas/
Texas A&M,https://apps.washingtonpost.com/sports/apps/live-updating-mens-ncaa-basketball-bracket/schools/texas-am/
Texas A&M-Corpus Christi,https://apps.washingtonpost.com/sports/apps/live-updating-mens-ncaa-basketball-bracket/schools/texas-am-corpus-christi/
Texas Southern,https://apps.washingtonpost.com/sports/apps/live-updating-mens-ncaa-basketball-bracket/schools/texas-southern/
Texas State,https://apps.washingtonpost.com/sports/apps/live-updating-mens-ncaa-basketball-bracket/schools/texas-state/
Texas Tech,https://apps.washingtonpost.com/sports/apps/live-updating-mens-ncaa-basketball-bracket/schools/texas-tech/
Texas-Arlington,https://apps.washingtonpost.com/sports/apps/live-updating-mens-ncaa-basketball-bracket/schools/texas-arlington/
Texas-San Antonio,https://apps.washingtonpost.com/sports/apps/live-updating-mens-ncaa-basketball-bracket/schools/texas-san-antonio/
Towson,https://apps.washingtonpost.com/sports/apps/live-updating-mens-ncaa-basketball-bracket/schools/towson/
Troy,https://apps.washingtonpost.com/sports/apps/live-updating-mens-ncaa-basketball-bracket/schools/troy/
Tulane,https://apps.washingtonpost.com/sports/apps/live-updating-mens-ncaa-basketball-bracket/schools/tulane/
Tulsa,https://apps.washingtonpost.com/sports/apps/live-updating-mens-ncaa-basketball-bracket/schools/tulsa/
UC Davis,https://apps.washingtonpost.com/sports/apps/live-updating-mens-ncaa-basketball-bracket/schools/uc-davis/
UC Irvine,https://apps.washingtonpost.com/sports/apps/live-updating-mens-ncaa-basketball-bracket/schools/uc-irvine/
UC Santa Barbara,https://apps.washingtonpost.com/sports/apps/live-updating-mens-ncaa-basketball-bracket/schools/uc-santa-barbara/
UCLA,https://apps.washingtonpost.com/sports/apps/live-updating-mens-ncaa-basketball-bracket/schools/ucla/
UNC Asheville,https://apps.washingtonpost.com/sports/apps/live-updating-mens-ncaa-basketball-bracket/schools/unc-asheville/
UNC Greensboro,https://apps.washingtonpost.com/sports/apps/live-updating-mens-ncaa-basketball-bracket/schools/unc-greensboro/
UNC Wilmington,https://apps.washingtonpost.com/sports/apps/live-updating-mens-ncaa-basketball-bracket/schools/unc-wilmington/
UNLV,https://apps.washingtonpost.com/sports/apps/live-updating-mens-ncaa-basketball-bracket/schools/unlv/
Utah,https://apps.washingtonpost.com/sports/apps/live-updating-mens-ncaa-basketball-bracket/schools/utah/
Utah State,https://apps.washingtonpost.com/sports/apps/live-updating-mens-ncaa-basketball-bracket/schools/utah-state/
UTEP,https://apps.washingtonpost.com/sports/apps/live-updating-mens-ncaa-basketball-bracket/schools/utep/
Valparaiso,https://apps.washingtonpost.com/sports/apps/live-updating-mens-ncaa-basketball-bracket/schools/valparaiso/
Vanderbilt,https://apps.washingtonpost.com/sports/apps/live-updating-mens-ncaa-basketball-bracket/schools/vanderbilt/
Vermont,https://apps.washingtonpost.com/sports/apps/live-updating-mens-ncaa-basketball-bracket/schools/vermont/
Villanova,https://apps.washingtonpost.com/sports/apps/live-updating-mens-ncaa-basketball-bracket/schools/villanova/
Virginia,https://apps.washingtonpost.com/sports/apps/live-updating-mens-ncaa-basketball-bracket/schools/virginia/
Virginia Commonwealth,https://apps.washingtonpost.com/sports/apps/live-updating-mens-ncaa-basketball-bracket/schools/virginia-commonwealth/
Virginia Tech,https://apps.washingtonpost.com/sports/apps/live-updating-mens-ncaa-basketball-bracket/schools/virginia-tech/
Wagner,https://apps.washingtonpost.com/sports/apps/live-updating-mens-ncaa-basketball-bracket/schools/wagner/
Wake Forest,https://apps.washingtonpost.com/sports/apps/live-updating-mens-ncaa-basketball-bracket/schools/wake-forest/
Washington,https://apps.washingtonpost.com/sports/apps/live-updating-mens-ncaa-basketball-bracket/schools/washington/
Washington State,https://apps.washingtonpost.com/sports/apps/live-updating-mens-ncaa-basketball-bracket/schools/washington-state/
Weber State,https://apps.washingtonpost.com/sports/apps/live-updating-mens-ncaa-basketball-bracket/schools/weber-state/
West Virginia,https://apps.washingtonpost.com/sports/apps/live-updating-mens-ncaa-basketball-bracket/schools/west-virginia/
Western Carolina,https://apps.washingtonpost.com/sports/apps/live-updating-mens-ncaa-basketball-bracket/schools/western-carolina/
Western Kentucky,https://apps.washingtonpost.com/sports/apps/live-updating-mens-ncaa-basketball-bracket/schools/western-kentucky/
Western Michigan,https://apps.washingtonpost.com/sports/apps/live-updating-mens-ncaa-basketball-bracket/schools/western-michigan/
Wichita State,https://apps.washingtonpost.com/sports/apps/live-updating-mens-ncaa-basketball-bracket/schools/wichita-state/
Winthrop,https://apps.washingtonpost.com/sports/apps/live-updating-mens-ncaa-basketball-bracket/schools/winthrop/
Wisconsin,https://apps.washingtonpost.com/sports/apps/live-updating-mens-ncaa-basketball-bracket/schools/wisconsin/
Wofford,https://apps.washingtonpost.com/sports/apps/live-updating-mens-ncaa-basketball-bracket/schools/wofford/
Wright State,https://apps.washingtonpost.com/sports/apps/live-updating-mens-ncaa-basketball-bracket/schools/wright-state/
Wyoming,https://apps.washingtonpost.com/sports/apps/live-updating-mens-ncaa-basketball-bracket/schools/wyoming/
Xavier,https://apps.washingtonpost.com/sports/apps/live-updating-mens-ncaa-basketball-bracket/schools/xavier/
Yale,https://apps.washingtonpost.com/sports/apps/live-updating-mens-ncaa-basketball-bracket/schools/yale/